post_id,brand,title,content,created_at,sentiment,pain_points,highlights
1,DR.WU,玻尿酸保濕精華化妝水,。購買契機：逛屈臣氏時逛到DR.WU櫃前，看到之前朋友推薦的他們家的防曬，本來想研究要買防曬，結果看到廣告板上的這款化妝水，加上剛好當時有店內優惠，所以就放下防曬改成研究化妝水XDDD 屈臣氏有試用品，一開始還想說 天呀這質地有夠黏稠，會悶吧! 結果我去逛了一圈後發現蠻保濕的，就買了一大一小。 。質地,,正面,質地黏膩,保濕有感
2,DR.WU,玻尿酸保濕精華化妝水,初次體驗被驚艷的保水力！用過回不去的有感化妝水 ！追求水油平衡的弱敏肌必須來一罐！--- 每一家化妝水都標榜「高保濕」，但真正符合自己膚質的回購標準的又有幾家？  自從做雷射醫美令皮膚變薄，變得容易過敏後，好多一線護膚品牌都會過敏，原因是因為它們產品都有添加會令我過敏的香精或酒精成份。曾經有段時間只能,,正面,,"保濕有感,溫和不刺激"
3,DR.WU,玻尿酸保濕精華化妝水,這瓶是女鵝推薦的 剛好看到momo網站有特價組合 手指頭就不聽使喚 很快就滑下去了😄  女鵝還特別交代 不可以買清爽型 要買深藍色的款式  這次一共買了4瓶 加上以前零星買的兩瓶 累計已經買了6瓶囉 這次買的4瓶 也已經KO了兩瓶 不得不說 她真的是很好用 功效及用法都標示在外包裝了  這款是略稠的化,,正面,,其他
4,DR.WU,玻尿酸保濕精華化妝水,[ 消費贈品］  之前去寶雅買了DR. WU 的18%杏仁酸，  因為前一陣子開始進行酸類的保養，  不然我下巴閉鎖性粉刺真的越來越嚇人🙀，  而寶雅醫美的專櫃小姐同時給了我幾包DR. WU的試用  包含了這個「玻尿酸保濕精華化妝水」 其實寶雅有這個小瓶販售，但我手邊的化妝水太多，  再下去真的用不完,,中性,,
5,DR.WU,玻尿酸保濕精華化妝水,這次試用的是DR.WU 達爾膚玻尿酸系列  分別為 玻尿酸保濕潔顏凝露 玻尿酸保濕精華化妝水 玻尿酸保濕精華乳  因為是一整組的，所以我就放在一起寫了  (不過除了共同使用照外，只會放本項產品的照片，其餘照片會放在其專屬文裡)  首先，我是混和偏乾，有點敏感的膚質(皮膚偏薄) 但混和嗎~意思就是還是會,,中性,,
6,DR.WU,玻尿酸保濕精華化妝水,這次很開心能夠試用DR.WU 達爾膚「玻尿酸保濕精華化妝水」  包裝是深藍色的瓶裝+銀色瓶蓋 看起來非常有質感  精華化妝水沒有什麼味道 也沒有含酒精、不刺鼻 我很喜歡💕  質地是有點濃稠精華露的液體按摩在臉上前面幾下覺得比較像玻尿酸精華的那種感覺，後面幾下就化成水狀 ； 但是不是立即就可以按摩至吸收,,正面,吸收差,"包裝質感, 無香精, 輕盈好吸收"
7,DR.WU,玻尿酸保濕精華化妝水,很開心能獲得DR.WU 達爾膚的「玻尿酸保溼系列」的產品組合使用體驗的機會!! 感謝 💓 1.DR.WU玻尿酸保濕潔顏凝露 ☑2.DR.WU玻尿酸保濕精華化妝水(150ml) 3.DR.WU玻尿酸保濕精華乳    【─我的膚況─】：  混合肌(T字部位天氣熱易出油、兩頰偏乾)，季節變換有時會變敏感肌。,,非評論,,
8,DR.WU,玻尿酸保濕精華化妝水,首先非常感謝@COSME與DR.WU給予這次商品的試用機會🎉 本身對於DR.WU品牌就非常有好感，醫美品牌讓人比較安心以外， 稍微有敏感性膚質的我，使用DR.WU家的產品，完全沒有產生任何不適過， 所以每次逛寶雅都會習慣去看看有什麼新商品☺️  這次試用的是三樣產品，都是正容量，非常的大方呢！🎁 DR,,正面,,溫和不刺激
9,DR.WU,玻尿酸保濕精華化妝水,在DR.WU家，精華露就是化妝水 而玻尿酸保濕精華露，我只能說超！好！用！  雖然看似是屬濃稠的質地，但推勻開來後質地就化成水了 而且吸收很快，是有吸收到肌膚裡唷 然後我除了會把精華露當化妝水拍到吸收外 也會做全臉濕敷唷，濕敷效果超棒的 基本上如果是全臉拍打至吸收的話((輕拍就可以了，不用到用打的 臉,,正面,,輕盈好吸收
10,DR.WU,玻尿酸保濕精華化妝水,先說說本身膚況：混合肌，夏天偏油、T字部位易出油，冬天則偏乾。 久聞DR.WU家的玻尿酸保濕效果極好，這次在冬天寒冷時購入這瓶保濕精華化妝水，剛好可以跟已經愛用一段時間的肌研極潤金瓶化妝水做比較。 DR.WU和肌研金瓶一樣，都是主打玻尿酸保濕，但金瓶的化妝水倒出來時比較「乾淨俐落」，倒在手指上濃稠度剛,,中性,,
11,DR.WU,玻尿酸保濕精華化妝水,DR. WU 玻尿酸保濕精華化妝水 正是乾性肌膚的我需要的保濕第一步 日德法保濕專利，結合日本大分子玻尿酸，與專利小分子玻尿酸  保濕力滿滿，我會有兩種用法! 第一種，直接倒在手上 輕盈但保濕的質地很好吸收 沒有香味的額外添加 讓保濕也可以很簡單 只要在洗完臉的之後，倒一些 保濕精華化妝水在手上 再輕,,正面,,"輕盈好吸收, 保濕有感, 無香精"
12,DR.WU,玻尿酸保濕精華化妝水,我長期用的玻尿酸化妝水就是肌研，(非常忠心)沒有找過其他的替代品。這次試用DR.WU一系列，也讓我發現另一選擇！ 玻尿酸系列其實不算新產品，是新包裝跟全新升級，運用業界獨家「智慧型肌因活水科技」。 畫的重點有： ✔大分子玻尿酸:鎖水網膜 ✔小分子玻尿酸:深入基底補水 ✔玻尿酸肌活因子:維持長效高含水,,正面,,其他
13,DR.WU,玻尿酸保濕精華化妝水,最近天氣戶外真的好熱， 不過在冷氣房裡皮膚又超容易乾... 忽冷忽熱的狀況，加上作息不良XD 讓皮膚也容易缺水、毛孔明顯， 真的很苦惱QQ 趁著疫情在家辦公， 真謝謝DR.WU跟 ＠COSME 完全是即時雨！ 讓我有機會可以認真照顧我的臉蛋，好好保養自己的肌膚～😥🥺  『DR.WU 玻尿酸保濕精華化妝,,正面,,保濕有感
14,DR.WU,玻尿酸保濕精華化妝水,咪那桑晚安 這次感謝乾爹DR.WU提供了豐富的試用商品，除了萬年不敗又經典的「玻尿酸保濕精華化妝水」外， 還有「玻尿酸保濕潔顏凝露」以及「玻尿酸保濕精華乳」，雖然平常自己沒有一定要用同一系列保養品的習慣，但有機會這樣使用真的也很安心，因為保養品絕對不會打架呀!!!  本身的膚質是混和偏乾，皮膚怎麼喝,,正面,,輕盈好吸收
15,DR.WU,玻尿酸保濕精華化妝水,DR.WU 達爾膚「玻尿酸保濕系列」試用活動  玻尿酸保濕精華化妝水 正品容量150ml 先來說說外觀 這深藍瓶身超有質感的耶🥰 上面有句類精華化妝水 一開始滿頭問號？？？ 後來使用後才深深體會～～～ 來來來，以下照片有點模糊因為我是先錄製影片再截圖倒取容易，洞孔適中，不會一下倒出來太多這質地 很濃稠,,中性,,
16,DR.WU,玻尿酸保濕精華化妝水,2020全新包裝質感不錯! 湛藍色包裝讓人想到海洋， 整體印象感覺就很補水的。  身為玻尿酸精華水的領導品牌這次也沒讓我失望， 這次進化的版本分為湛藍色的經典款和淺藍色的清爽版兩種，  我個人因為膚質混和偏乾， 在換季和冷天時容易乾癢敏弱， 使用後立即舒緩乾燥， 經典版對我來說保濕力較足。  搭配,,正面,,保濕有感
17,DR.WU,玻尿酸保濕精華化妝水,"感謝urcosme與DR.WU提供我這一組試用!太開心了! 開心不只因為抽中,而是抽中又好用! 以下是開箱~~~~~   這篇主要分享玻尿酸保濕精華化妝水 有別於以往的輕透質地 擦起來更濃稠!!就像它寫的:類精華質地 (擦起來有點像清爽版的肌研化妝水)    上圖是瓶口的樣子 我比較喜歡這種平的瓶口",,正面,,保濕有感
18,DR.WU,玻尿酸保濕精華化妝水,"----------更 新 ---------   Dr.wu 在7/2發布資訊 將 玻尿酸保濕精華露 做更新 將產品名稱 改為 ""玻尿酸保濕精華化妝水"" 並另推出清爽型的版本 身為油肌，聽到清爽型就令人躍躍欲試  -----------------產 品 名 稱 進 化 史 ------------",,非評論,,
19,DR.WU,玻尿酸保濕精華化妝水,謝謝cosme提供試用的機會  這次很開心能夠試用DR.WU 達爾膚「玻尿酸保濕精華化妝水」   包裝是深藍色瓶裝+銀色瓶蓋  看起來非常有質感，正品規格150g  保濕化妝水沒什麼味道、清爽不黏膩，全成分無酒精、無香精、溫和不刺激、敏弱肌適用  先說本人我是一個很敏感的肌，而T字部位屬於偏乾的狀態。,,正面,,"輕盈好吸收,溫和不刺激,無香精,包裝質感"
20,DR.WU,玻尿酸保濕精華化妝水,這款化妝水在榜上已久， 終於購入組合～ 藍色半透明瓶身 可以清楚看到剩餘量 好上手 透明無色的化妝水 沒有味道 主要成分為玻尿酸 會牽絲～  厲害的是碰到肌膚就會化成水， 沒有一般玻尿酸化妝水的濃稠黏膩感  很溫和，不會刺激 保濕度蠻好的  也有推出清爽版可以選擇～,,正面,,"輕盈好吸收,溫和不刺激,保濕有感"
21,DR.WU,玻尿酸保濕精華化妝水,7月在屈臣氏的DR.WU貨架上發現 醫美界的網美級精品👉🏻 玻尿酸保濕精華化妝水💦 加大版 (美肌學院 限定版） 250ml   $899元 藍色塑膠製瓶身，低調奢華感 外盒、瓶身都美得不可思議😳 水藍色的光澤感🫧看1次愛1次❤️  結合日德法保濕專利： 日本大分子玻尿酸、專利小分子玻尿酸 德國專利玻,,非評論,,
22,DR.WU,玻尿酸保濕精華化妝水,💙謝謝Ur和DR.WU達爾膚讓我幸運抽到試用活動🙇🏻‍♀️💙試用內容： 玻尿酸保濕精華化妝水 150ml (同正貨規格)💙品牌介紹： DR.WU專業研發團隊針對亞洲肌膚優弱特性與需求，以醫師處方為基礎，堅持「無添加、不含酒精、高濃度、高等成分、高安全性」五大研發標準。 全系列產品皆通過低敏、安定性與非,,非評論,,
23,DR.WU,玻尿酸保濕精華化妝水,這次試用的商品是DR.WU波尿酸保濕系列，試用的商品有波尿酸保濕精華化妝水、波尿酸保濕精華乳以及波尿酸保濕潔顏凝露三樣商品。DR.WU一直是台灣很有名的醫美品牌，堅持無添加、不含酒精、高濃度、高等成分、高安全性五大研發標準，全系列產品都有通過低敏、安定性以及非致痘臨床測試，很適合皮膚容易敏感或是術後需,,非評論,,
24,DR.WU,玻尿酸保濕精華化妝水,大家熟悉的開架醫美－達爾膚＝吳醫生  DR.WU　玻尿酸保濕系列  無論是妝前保養／醫美術後，強效深層補水的好選擇   無添加酒精、香料、色素、PARABEN類防腐劑  溫和不刺激、敏弱肌也能安心使用   此系列包裝改版囉！！  瓶身只保留英文，視覺相當國際化  中文品名與商品資料揭示在紙盒上 包裝,,中性,,
25,DR.WU,玻尿酸保濕精華化妝水,"首先感謝""DR.WU 達爾膚""和""UrCosme""讓我有機會可以體驗 『DR.WU 達爾膚醫美保養系列』       瓶身是塑膠材質，可以讓我放心的拿不怕摔破  容量有１５０ＭＬ 質地倒出來是帶著有點黏稠的化妝水 不是稀的 因為有添加精華液，我每次使用的分量約５塊硬幣大小就可以擦全臉 對我來說應該是可",,中性,,包裝質感
26,DR.WU,玻尿酸保濕精華化妝水,這款化妝水， 水感中帶點玻尿酸的黏稠，但不至於到拉絲， 上臉滑溜溜，可以感到有點黏度，  邊滑邊按壓，試用包2ml剛剛好，  看著臉上均勻的濕潤感， 沒想到非常快就吸收了， 原本以爲會黏黏的感覺完全消失， 變的清爽但肌膚的確有被保濕一波，  不是從臉上乾掉，而是真的有被肌膚接收， 很驚喜，會想繼,,正面,,"輕盈好吸收, 保濕有感"
27,DR.WU,玻尿酸保濕精華化妝水,"感謝urcosme的提供， 本身就是DR.WU凝露的愛用者，只是價錢有點不小資， 所以都趁著買一送一的時候購入，  這次拿到精華露的試用真的非常的開心， 我蠻喜歡這種霧霧的瓶身，也可以稍微看的到裡面還有多少用量， 150M容量，蓋子與瓶子都感覺厚厚的，蠻有份量，不容易壓壞    此款精華露，雖然叫""精",,正面,價格偏高,包裝質感
28,DR.WU,玻尿酸保濕精華化妝水,因為我有濕敷的習慣，所以這種水狀化妝水我用量蠻兇的  質地是微水凝狀，不悶不黏，不是完全液態，微稠  流動性還是很高的(只是要沾濕化妝棉要花一點時間)  是透明的，聞起來沒明顯什麼味道，就原物料淡淡的氣味  使用後沒有特別改善泛紅、沒有引起過敏、沒有使肌膚明亮、沒有使肌膚更柔嫩  使用期間基本保濕有，,,中性,用量大,"輕盈好吸收,保濕有感"
29,DR.WU,玻尿酸保濕精華化妝水,上次是分享 玻尿酸保濕精華化妝水(清爽型) 今天是保濕款 這一款我用完之後認真推薦給乾肌朋友使用😏 但這兩罐真的都好用 可以趁這次的週年慶囤貨一番😂保濕款的罐子顏色稍微深一點點 兩款化妝水都是沒有味道的哦！ 它的質地比較濃稠 而且倒出來的時候會有牽絲 （很難用相機拍出來） 延展性很好👍 所以使用量不用,,正面,,"保濕有感,無香精,延展性好"
30,DR.WU,玻尿酸保濕精華化妝水,容量150ml／價格NT$ 800／上市日期2019.04.30  首先感謝 @cosme & Dr.Wu 提供系列產品試用  我個人對此產品很期待，因為他是2020 網友評鑑美妝賞 化妝水 第3名 這罐 DR.WU玻尿酸保濕精華化妝水    是定位在類精華質地，我個人認為可以理解成那種比較,,中性,,
31,DR.WU,玻尿酸保濕精華化妝水,"*商品名稱: DR.WU玻尿酸保濕精華化妝水  *商品功效: 1. 首創類精華拉絲質地,超導入速補水 2. 無酒精 / 無香精 / 敏弱肌適用 3. 好吸收 / 不黏膩 / 不致痘  *使用方法: 1. 早晚清潔後,取適量於手或化妝棉上,手部使用用量約10元硬幣,化妝棉需讓整張化妝棉濕潤 2. 輕輕",,非評論,,
32,DR.WU,玻尿酸保濕精華化妝水,DR.WU 達爾膚「玻尿酸保濕精華化妝水」   【使用心得】   我的皮膚混合偏乾，偶爾會過敏。   化妝水倒出來在手上還拉絲，  像納豆一樣，還滿有趣的！  而且擦在臉上不會粘膩，  使用讓皮膚變得很水嫩，  也不會過敏，真的很溫和，  所以整體還蠻推薦乾肌可以購買的，  我個人覺得是值得回購的商品,,正面,,"輕盈好吸收,溫和不刺激,保濕有感"
33,DR.WU,玻尿酸保濕精華化妝水,很開心可以抽到這次的試用機會 💝  這次試用的產品是  Dr.WU  玻尿酸保濕精華化妝水   150ml   NT.800 雖然知道它是玻尿酸   但我沒想到   質地這麼底濃稠~~~😂  很像面膜裡     很稠的那種精華液!!  仔細看看名字可能就是2合一?! 由於太稠了  用化妝棉太浪費也太,,中性,質地黏膩,
34,DR.WU,玻尿酸保濕精華化妝水,"這次又驚又喜的收到了Dr. Wu的玻尿酸保濕系列的正品(化妝水, 精華乳和潔顏凝露). Dr. Wu 是MIT 的品牌, 一直以來都有在使用, 這次抽中真的很開心.這罐玻尿酸保濕精華化妝水, 主打無酒精 敏感肌適用. 一看到這兩個key words 就覺得這不剛好很適合我嗎? 自己偏向敏感肌,有敷過面",,正面,,"保濕有感,溫和不刺激"
35,DR.WU,玻尿酸保濕精華化妝水,感謝URCOSME和DR.WU 達爾膚讓我抽中「玻尿酸保濕精華化妝水」、「玻尿酸保濕精華乳」、「玻尿酸保濕潔顏凝露」因為我是整組一次使用，我就一起分享了  首先是洗面乳「玻尿酸保濕潔顏凝露」說明表示 全新第五代智慧型玻尿酸保濕配方，同時鎖水、補水、保水、活水，使保濕作用更長效深層，肌膚加倍水嫩。搭配尿,,非評論,,
36,DR.WU,玻尿酸保濕精華化妝水,這是一款非常非常輕盈的化妝水，極度好吸收，但皮膚總是立即的感到緊繃，彷彿什麼保養品都沒上過一般，和其主打的保濕效果相悖。 包裝的藍色相當有質感，是玻尿酸系列裡最能吸引人目光的包裝。在設計上也便於使用，沒什麼可以挑剔的地方。  化妝水的質地不是純水狀的，有一點點的黏稠，最特別的是類精華的拉絲質地，雖然特,,中性,效果無感;皮膚緊繃,輕盈好吸收;包裝質感
37,DR.WU,玻尿酸保濕精華化妝水,[DR.WU 達爾膚] 玻尿酸保濕精華化妝水、玻尿酸保濕精華乳、玻尿酸保濕潔顏凝露 感謝UrCosme與DR.WU 達爾膚，很高興能再次被抽到，這次收到的商品是DR.WU 達爾膚玻尿酸保濕系列 包裝都是漂亮珠光白+藍，感覺很有科學感。  接續上篇[DR.WU 達爾膚] 玻尿酸保濕系列試用分享  接著是,,非評論,,
38,DR.WU,玻尿酸保濕精華化妝水,先謝謝Urcosme及Dr.Wu給的試用 既2012年的杏仁酸系列之後我又抽到Dr.Wu的試用了 這次是收到玻尿酸保濕系列的保養組 其實我比較想要抽到美白跟抗老的系列啦哈哈哈😂😂 畢竟現在已經30歲了😢 不是啦～其實是因為保濕系列其實我早在2015年就用過全系列了 而且我是買週年慶的重量版套裝組（化妝,,中性,,
39,DR.WU,玻尿酸保濕精華化妝水,這次收到Dr. Wu的心得邀請，真的覺得給的太澎湃啦～～～ 一次給化妝水、精華液、跟乳液3罐正貨， 真的非常的大方！！  這次試用的是夏天非常清爽的：玻尿酸保濕系列💦💦 這個瓶身設計非常符合醫美風✨  我是大概在接近五月底拿到試用，這時正值春夏換季，皮膚狀況比較不穩定， 容易泛紅、敏感、致痘  Dr.,,正面,,包裝質感
40,DR.WU,玻尿酸保濕精華化妝水,首先感謝urcosme的適用品， 使用兩星期後來回報心得。 這次介紹的是玻尿酸保濕化妝水(新版)。 藍色的塑膠瓶身配上銀色蓋子， 簡約的風格，符合Dr.Wu的形象。  雖然外表沒有特別驚人的外貌，但內容物可是不容小覷。 包裝紙盒連小細節都不放過，發現這個小細節讓人驚喜不已，令人更期待使用化妝水的感覺。,,中性,,
41,DR.WU,玻尿酸保濕精華化妝水,DR.WU玻尿酸保濕精華化妝水的深藍色包裝顏色很漂亮呢， 一開始只有看到名稱玻尿酸就是一種普通的刻板印象， 本來覺得就是一般般的化妝水， 但是倒出來的時後竟然有點倒不太出來， 稍微甩一甩才把化妝水倒出， 然後就是一種透明的稠稠的質地， 一小糰滴在手上還會牽絲到瓶口那樣的稠度， 我手邊的是試用品包裝，,,中性,包裝設計,
42,DR.WU,玻尿酸保濕精華化妝水,康是美購入。  玻尿酸密集保濕組 其中的玻尿酸保濕精華露  老實說在使用之前一直很擔心，因為玻尿酸類的產品似乎都偏稠，很擔心會有黏膩感，怕會悶，會感覺厚重，使用後，發現自己完全就是想太多，完全沒有擔心的情況發生。      包裝簡單大方，這罐是化妝水，50ml的小包裝。     我以為我已經拍了它,,正面,,輕盈好吸收
43,DR.WU,玻尿酸保濕精華化妝水,之前用過DR.WU的新淨痘調理局部精華，真的能夠很快舒緩消炎痘痘，而且多次使用後不會太乾脫皮(很多痘痘藥會)，所以對DR.WU的印象不錯，感謝UrCosme跟DR.WU，很開心得到DR.WU「玻尿酸保濕精華化妝水」體驗機會。     玻尿酸保濕精華化妝水的包裝是深藍透明塑膠瓶，看起來很舒服。,,正面,,保濕有感
44,DR.WU,玻尿酸保濕精華化妝水,很開心可以被UrCosme抽到此次的試用  DR.WU 達爾膚醫美保養系列玻尿酸保濕精華化妝水     這次收到的正品  DR.WU 達爾膚醫美保養系列玻尿酸保濕精華化妝水(150ml) 售價$800  包裝上寫著類精華質地-超級化妝水:植物性類分子釘添加  在DR.WU官網康是美、屈臣氏、寶雅、,,非評論,,
45,DR.WU,玻尿酸保濕精華化妝水,只要是台灣女孩應該沒有人沒用過DR.WU他們家的產品吧？ 我也一樣喔！從少女時期一路用到現在輕熟女，從抗痘用到杏仁酸，對 DR.WU的商品印象就是專業、實在，沒有過多成分，也沒有過度包裝。  這瓶DR.WU玻尿酸保濕精華化妝水，我以前就曾買過，是他們家的經典人氣商品之一，也是每年藥妝店周年慶會擺在櫃,,正面,,保濕有感、輕盈好吸收
46,DR.WU,玻尿酸保濕精華化妝水,感謝@cosme跟Dr. Wu抽中我體驗玻尿酸保濕系列的產品。  這次體驗了化妝水、精華乳及潔顏露三款  對於此系列產品我其實觀望很久，卻遲遲不下手，這次抽中體驗，讓我可以好好的試看看適不適合我～  化妝水的部份，強調外補水內鎖水的功效，類精華液的質地，讓肌膚可以迅速導入、補水，且幫助後續保養品吸收，,,中性,,
47,DR.WU,玻尿酸保濕精華化妝水,很開心這次能抽到DR.WU玻尿酸系列的體驗組 在這次體驗之前我已經有用過這款玻尿酸保濕精華化妝水也有回購過幾次 讓人覺得最特別的是它拉絲的質地  雖然看起來很像很黏但實際上上臉之後就化開成水了 而且吸收非常快速 均勻塗抹全臉後很迅速補水 連續上個三回也不會覺得黏膩 只是這種質地我覺得不太適合搭配化妝棉,,正面,需搭配其他產品,"輕盈好吸收,保濕有感"
48,DR.WU,玻尿酸保濕精華化妝水,真的超級開心收到DR.WU的玻尿酸系列產品，先來介紹保濕精華化妝水。 認識這款化妝水是從youtuber小吳的影片看到，真的超有興趣 但手邊的保養品都還沒有用完，只好一直躺購物車，沒想到就抽到啦~~~~~~ 自己的肌膚是偏乾，鼻翼兩側特別容易脫皮 通常化妝水我是拿來洗完臉後再次清潔或者讓後面保養更快吸,,正面,,保濕有感
49,DR.WU,玻尿酸保濕精華化妝水,今天要跟大家分享的是「DR.WU 玻尿酸保濕精華化妝水」  感謝DR.WU跟Urcosme提供這次的試用機會，這組玻尿酸保養系列為：玻尿酸保濕潔顏凝露、玻尿酸保濕精華化妝水 以及 玻尿酸保濕精華乳，關於 保濕潔顏凝露、保濕精華乳 兩項心得請參考另篇~)對乾肌來說，洗臉後要趕快把握時間進入保濕程序， 然,,中性,,
50,DR.WU,玻尿酸保濕精華化妝水,如果想找一款開架價格也能擁有專櫃保濕度的保濕精華水 DR.WU玻尿酸保濕精華化妝水真的就是首選 價格只有專櫃的不到一半但保濕可一點都不馬虎！ DR.WU玻尿酸保濕精華化妝水算是比較濃稠的質地 畢竟歸類在精華化妝水 類精華的拉絲質地 可以幫助導入補水 讓肌膚可以持續保濕水量一整天 我自己喜歡濕敷（可以搭,,正面,,"保濕有感, 價格偏低"
51,DR.WU,玻尿酸保濕精華化妝水,感謝平台跟dr.wu提供這次的體驗💞  我的膚質屬於夏天混合偏油 使用太厚重的保養品就會長痘痘 因此不黏膩不厚重是我蠻重視的部份先來說說外觀，他的外觀算是中規中矩但又比許多牌子稍有質感一點，可以看到瓶蓋的部份是可以當1鏡子使用的，但功能不大，也較容易沾指紋。 再來是質地的部份，化妝水屬於物色無味的，不,,正面,包裝設計,輕盈好吸收
52,DR.WU,玻尿酸保濕精華化妝水,這瓶保濕化妝水 有點類似精華液般的質地 透明略帶一點黏稠的質地沒有添加香精和酒精 本身有一股非常淡的化學氣味 可以說是幾乎沒甚麼味道  像這種質地的保養品 我是習慣倒再掌心之後 直接用手塗抹的方式擦在臉上  吸收速度很快 剛擦在肌膚上大約不到1分鐘就全部吸收了 吸收後 肌膚的感覺很清爽 但卻又能感受,,正面,,"輕盈好吸收,保濕有感"
53,DR.WU,玻尿酸保濕精華化妝水,這次拿到一整組的Dr.Wu玻尿酸系列基本保養組 先從「玻尿酸保濕精華化妝水」開始 這罐是三罐裡面我最喜歡的😍 藍色包裝夏天的氣氛 倒出來的化妝水是介於精華液和化妝水之間的質地 像蠶絲一般的會牽絲 記得以前很流行這種拉絲型的保養品  透明狀的質地 抹上去的吸收速度我覺得很讚！超快 肌膚立刻有保濕的感覺～,,正面,,"輕盈好吸收,保濕有感"
54,DR.WU,玻尿酸保濕精華化妝水,平常我是不太常用化妝水的  因為洗完臉馬上就會擦保養品  所以好像也不用特別擦  會擦的話就是擦保濕以外的 例如美白、去角質...之類的  這款化妝水又是屬於精華(稠稠)型的  話說...我幾乎不會主動買這樣型態的化妝水  之前用過其他牌子 然後覺得用起來有負擔 會悶  試用前有點擔心    這款化,,中性,質地黏膩;悶,
55,DR.WU,玻尿酸保濕精華化妝水,哈囉！我是加洗，這次很幸運這次在Urcosme抽到整套玻尿酸保濕系列！  這系列基本上已經遠近馳名，橫掃多項美妝大獎，特別的是～全新包裝會在4/15上市，官網、屈臣氏、康是美、寶雅等大通路都會上唷❤️️  當然這篇就是針對保濕精華化妝水來寫摟     化妝水的瓶身採深藍色包裝，依然有該品牌的專業感，看,,非評論,,
56,DR.WU,玻尿酸保濕精華化妝水,DR.WU 達爾膚醫美保養系列玻尿酸保濕精華化妝水  很開心UrCosme抽到此次的試用^^    打開包裝深藍色瓶身配上銀蓋 很有高級感~     這次試用是150ml正品 好有誠意☺  DR.WU 達爾膚醫美保養系列玻尿酸保濕精華化妝水(150ml) 售價$800  類精華質地-超級化妝水  因本,,正面,,包裝質感
57,DR.WU,玻尿酸保濕精華化妝水,感謝URCOSME和DR.WU，有幸榮獲正品試用!         在收到玻尿酸保濕精華化妝水之後，吸引目光的是藍色瓶身，  顏色藍的很美麗，給人的感覺十分清爽，  化妝水質地黏稠偏水，氣味無香料，感覺十分安心，     先前使用過類似產品，總覺得這種質地需要一些時間吸收，而且產生些許黏膩，  吸收後,,中性,質地黏膩,無香精
58,DR.WU,玻尿酸保濕精華化妝水,買的是和乳液一起販售的小容量試用品 30ML的小罐，有點可愛 覺得出遊滿適合帶著   包裝和正品差不多 很清爽的白色         雖說是保濕精華露 但就是化妝水的步驟 不過它是比較濃稠的露狀 尤其剛倒出來時是特別明顯，不像水狀的那麼清爽 用量大約5~10元硬幣的大小 比較特殊的是它上臉後吸收的速度,,中性,質地黏膩,包裝質感
59,DR.WU,玻尿酸保濕精華化妝水,去年(2018)年初新改款的保濕精華露 剛推出時就因為鐵粉的小福利拿到小小罐試用瓶 不管是前一代(藍瓶的玻尿酸保濕化妝水)還是新一代 自己用過之後，感覺濃稠度跟保濕度其實都滿像的(應該啦，手邊早就沒有舊版的可以參考了) 像到我用完開始買大瓶正品使用之後，以為已經寫過心得了 冏....   精華露就像,,中性,,
60,DR.WU,玻尿酸保濕精華化妝水,本身就有在用dr.wu 的杏仁酸 使用杏仁酸期間必須額外注重皮膚保水 想說也來用看看同個牌子的化妝水 使用後發現這罐保濕效果不錯 質地清爽也不黏膩 而且不含酒精也蠻加分的 不過價格沒有很便宜 有特價的話可以買來試用看看～,,正面,價格偏高,"保濕有感, 輕盈好吸收, 無香精"
61,DR.WU,玻尿酸保濕精華化妝水,之前有次去朋友家偶然用到覺得很喜歡~後來去購買正品 這罐沒有香精，精華化妝水=比較濃稠的化妝水 如果皮膚偏乾的也可以在後續再抹精華 但我自己是覺得這樣蠻足夠了 剛上臉會覺得有點黏黏的，不過拍一下還蠻快吸收 這罐換季的時候也很適合喔😎,,正面,質地黏膩,"輕盈好吸收,保濕有感,無香精"
62,DR.WU,玻尿酸保濕精華化妝水,"感謝@cosme再度給予試用機會！ 這次要分享的是 DR.WU玻尿酸保濕精華化妝水  試用兩周 先稱讚一下DR.WU提到的""類清華拉絲質地"" 原以為這種帶點微黏的質地使用上可能會很難抹開 實際使用上卻完全清爽不黏膩! 很讚! ■ 喜歡的特點 -吸收快！精華化妝水滲入肌膚的速度真的很快，擦上的當下能明顯",,正面,,輕盈好吸收;吸收快
63,DR.WU,玻尿酸保濕精華化妝水,很開心抽中這一系列商品，dr.wu出了名的溫和，敏感肌也可以用得很安心。   化妝水質地不是那種像礦泉水的稀，反而是很像精華液濃稠，沒什麼特殊味道。  雖說像精華液，但擦到臉上卻不會黏膩，吸收度算是很好。  我的使用順序是白天使用蘭蔻超未來精華露；晚上使用理膚寶水的精華液（聽說這款改善粉刺很厲害）,,正面,,"輕盈好吸收,溫和不刺激"
64,DR.WU,玻尿酸保濕精華化妝水,在這炎炎夏日，天氣悶熱，肌膚不管是在室外或是室內都需要做好保濕，尤其在室內吹冷氣，更容易肌膚乾燥缺水，試過好幾種化妝水，想要保濕一點的，常常都覺得太黏膩，想要清爽一點的~~ 又不夠保濕，這次DR.WU的玻尿酸保濕精華化妝水實在讓我驚艷!  倒出來是有點稠狀的透明液體，心想...會不會塗完很黏... ，,,正面,,輕盈好吸收
65,DR.WU,玻尿酸保濕精華化妝水,這次要分享的是 DR.WU玻尿酸保濕精華化妝水很高興這次有機會可以試用到這瓶化妝水！ 一直以來，我對化妝水的印象就是非常稀、效果不明顯 這一款化妝水不僅不是稀到不行的化妝水 還是特別的精華拉絲質地 看圖片就知道，是非常非常保濕的質地  上臉之後延展性非常好 也完全不會因為質地較稠 就覺得肌膚悶、厚重,,正面,,"保濕有感, 輕盈好吸收"
66,DR.WU,玻尿酸保濕精華化妝水,▲ 商品外觀(有質感的寶石藍！) ▲ 產品說明▲ 化妝水質地  感謝@cosme再度給予試用機會！ 這次試用的品牌是從以前就一直想嘗試的醫美品牌—DR.WU達爾膚~  這款「玻尿酸保濕精華化妝水」使用下來感到超級驚艷， 它的質地不僅只是一般水的質感，更類似像精華液一樣有拉絲的效果， 雖然濃稠、怕肌膚會,,正面,,保濕有感
67,DR.WU,玻尿酸保濕精華化妝水,非常感謝cosme提供機會讓我能試用DR.WU 達爾膚 的玻尿酸保濕精華化妝水☺️ 我自己最近是DR. WU的忠實粉絲😍 受到試用的前一週才剛網購了這款化妝水😂 現在又直接抽到一瓶試用也是很幸運🥴 這款是保濕款化妝水 外觀是我最愛的藍色💙此款化妝水微稠但仍很有流動性💧 應當是適合用來濕敷的所以沒有做成,,正面,,輕盈好吸收
68,DR.WU,玻尿酸保濕精華化妝水,真的很高興又抽到獎品跟大家分享了😍 我真的很喜歡用DR.WU的產品 尤其是杏仁酸亮白煥膚精華🙋🏻‍♀️ 這次要跟大家分享的是【玻尿酸保濕精華化妝水】 他是運用了業界獨家「智慧型肌因活水科技」 結合日本大分子及專利小分子雙重玻尿酸 另搭配德國專利玻尿酸肌活因子、法國專利玻尿酸啟動因子 還添加了植物性類分,,正面,,其他
69,DR.WU,玻尿酸保濕精華化妝水,謝謝DR.WU提供三罐正貨體驗，分別是玻尿酸保濕精華化妝水、玻尿酸保濕精華乳及玻尿酸保濕潔顏凝露，這篇先分享玻尿酸保濕精華化妝水的試用心得  首先來看質地質地是有點稠的化妝水(因此產品介紹寫「類」精華質地)，但也不會稠到像精華一般，上臉很快就會化開成水狀(如下圖)推開後不會有黏膩感，很好吸收，質地非常,,正面,,輕盈好吸收
70,DR.WU,玻尿酸保濕精華化妝水,今天來分享Dr.Wu 玻尿酸保濕精華化妝水試用心得   商品照如下圖第一次使用時有被化妝水質地嚇到，因為預期一般使用的化妝水都是偏水感，此款是類似精華液質地的化妝水，使用起來肌膚相當保濕，但擦在臉上後，並不會覺得黏膩，我認為是此產品最大特點，也是驚豔的地方。但也因為質地較屬於精華液較黏稠感，另外也是屬,,正面,,"保濕有感, 輕盈好吸收"
71,DR.WU,玻尿酸保濕精華化妝水,很高興這次能抽到試用體驗，以下分項論述這是化妝水的外觀，包裝普通，沒什麼特別 但整體的份量挺充足 值得注意的是，這化妝水是有些黏稠的 如照片所示，它可以牽絲，這意味它距離所謂的「清爽」其實有點距離，應該也無法用來濕敷 而且氣味說不上好聞，是普通的醫美化工品氣味 因此擦在臉上，老實說第一的感受不會很好，,,負面,質地黏膩;香味不佳,
72,DR.WU,玻尿酸保濕精華化妝水,第一次抽中試用 一開始還以為是詐騙包裹 拆開後真的欣喜若狂 感謝平台讓我有試用的機會❤️  之前常在美妝店醫美櫃看見Dr.Wu 這是第一次使用他們家的產品之前常在美妝店醫美櫃看見Dr.Wu 這是第一次使用他們家的產品  包裝上還有QR Code可以掃碼登錄 可以獲得會員點數  DR.WU 官方網站：h,,非評論,,
73,DR.WU,玻尿酸保濕精華化妝水,一直以來都很喜歡Dr. WU的玻尿酸保濕系列以及超逆齡修復系列的產品。這次拿到玻尿酸保濕精華系列真是超驚喜。超澎湃的三件組，分別是化妝水、精華液和乳液。這瓶玻尿酸保濕精華化妝水的包裝雖然還是塑料瓶身，但還蠻有質感的，依舊維持著簡約的風格。如同大部分化妝水一般的瓶口，可以直接倒在掌心，也可以搭配化妝棉一,,正面,,包裝質感
74,DR.WU,玻尿酸保濕精華化妝水,首先感謝UrCosme與DR.WU，讓我有機會參與活動！！   試用DR.WU的產品讓人很放心，因為品牌特點就是無添加，也不含酒精！ 而這款DR.WU玻尿酸保濕精華化妝水，讓我滿驚豔的！   看到這個拉絲嗎？第一次用整個超擔心！以前有用過保濕化妝水，是稠稠的質地，一樣有拉絲，可是用起來肌膚要花點時間才,,正面,,"輕盈好吸收, 保濕有感"
75,DR.WU,玻尿酸保濕精華化妝水,這次試用的是[DR.WU 達爾膚醫美保養系列] 玻尿酸保濕精華化妝水 收到的產品是正品150ml   產品很貼心上面還有寫第二步驟 這款保濕化妝水沒有添加酒精，所以敏感型肌膚也可以使用 打開包裝產品是深藍色的包裝 搖晃其實可以看的到裡面剩下的化妝水還有多少 把產品到在手上  他跟我想的化妝水不太一樣,,中性,,
76,DR.WU,玻尿酸保濕精華化妝水,🍀官網介紹 商品簡介 智慧型肌因活水科技: 業界唯一，日德法保濕專利，結合日本大分子玻尿酸，與專利小分子玻尿酸，達到外鎖水內補水，加上德國專利玻尿酸肌活因子與法國專利玻尿酸啟動因子，啟動深層水巡力，肌活保濕不間斷。 首創類精華質地，迅速滲透、超級水感，引導後續保養精華層層滲入 添加植物性類分子酊,,非評論,,
77,DR.WU,玻尿酸保濕精華化妝水,因為肌膚常常覺得缺水緊繃，趁特價時買了大家推薦的精華液，真的名不虛傳，我的臉現在白天都不會在緊繃了，狀態也很好👍 且他的成分有添加分子酊，對術後修復的效果很好！質地剛開始覺得黏黏的，但過一下後就吸收了，不添加香料酒精，敏感性肌膚的人可以試試看！ 算是開架式cp質不錯的選項，會再回購,,正面,,"輕盈好吸收, 保濕有感, 無香精"
78,DR.WU,玻尿酸保濕精華化妝水,很高興這次能參加UrCosme的試用活動  這次是體驗DR.WU 達爾膚 - 玻尿酸保濕精華露150ml的產品  這是我第一次接觸到DR.WU的產品，之前也沒在櫃上試用過  一直很好奇他到底為什麼這麼有名，讓我們一起來看看吧!!       他瓶口設計還蠻大的口，方便倒  因為其實他就是有稠度的化妝水,,中性,,
79,DR.WU,玻尿酸保濕精華化妝水,首圖是前後代玻尿酸保濕經華.... 前一代是我之前參加DR.WU體驗會的贈禮， 使用也好一陣了只是手邊產品太多一直沒有用光， 剛好可以拿來比較一下  剛洗完澡沒有立刻擦保養品，在最近寒流來的狀況下，真的會有緊緊繃繃的不舒服感覺 以前都不會這樣，不知道是不是年紀變大的關係  DR.WU玻尿酸保濕精華露對,,中性,,
80,DR.WU,玻尿酸保濕精華化妝水,使用商品：DR.WU 達爾膚 玻尿酸保濕精華化妝水 使用包數：1小包(2ml/包) 使用後回購率：35%  ====================================================== 有點忘了怎麼拿到這包的 就簡單講講囉產品敘述(擷取自@cosme): 智慧型肌因活水,,非評論,,
81,DR.WU,玻尿酸保濕精華化妝水,很幸運可以取得這次的使用機會 包含了清潔、化妝水及乳液  玻尿酸保濕精華化妝水 包裝是深藍色透明的瓶身  產品主打包含大分子玻尿酸可以鎖水 和小分子玻尿酸可以滲透到基底 倒到化妝棉上很快就滲透進去 相信也能很快滲透到皮膚內哈哈  化妝水質地是偏稠但有相對的流動性啦！ 雖然質地稠但不會粘膩而且吸收迅速,,正面,,輕盈好吸收
82,DR.WU,玻尿酸保濕精華化妝水,DR.WU的玻尿酸保濕精華化妝水可以達到立即補水、長效保濕！  雖然售價以開架來說偏高，但真的好用，對得起它的價格   首先質地是透明稠狀，無香味，跟玻尿酸原液非常相似  擦上臉可以感覺到肌膚吸飽了水，非常舒適  稍微推開就吸收了，比起一般的玻尿酸產品更迅速滲透   我一向都不太喜歡稠狀的化妝水，因為,,正面,價格偏高,"保濕有感, 輕盈好吸收, 無香味"
83,DR.WU,玻尿酸保濕精華化妝水,**首先感謝URCOSME和 DR.WU 達爾膚 讓我抽中    「玻尿酸保濕精華化妝水」  ★質地；水潤水潤的，可能是內含有大量玻尿酸， 很有水感但有點黏稠樣。    ★使用後；  我本身的膚況是容易因酒精而感到過敏發癢，  DR.WU的產品都不含酒精，不傷皮膚， 我都會直接倒一元硬幣的大小， 用手,,正面,質地黏膩,"保濕有感,溫和不刺激"
84,DR.WU,玻尿酸保濕精華化妝水,感謝Dr.Wu如此大方給三樣正品試用，排排站覺得好開心。 一直有看到Dr.Wu的玻尿酸保濕精華化妝水出現在各個網友推薦的化妝水排行內，卻沒有買來使用過，此次收到試用，使用下來發現真的網友的話要聽啊！！太晚知道有多好用了。  此化妝水的質地是濃稠型，一開始倒出來以為會是黏膩感很重的，結果上臉後吸收超快速,,正面,,輕盈好吸收
85,DR.WU,玻尿酸保濕精華化妝水,這次分享的產品是Dr Wu 的玻尿酸保濕精華化妝水，謝謝再次給了機會能夠體驗產品   先說質地的部分，不是水狀而是有點像精華液稠稠的感覺，倒在化妝棉上使用比倒在手上更好吸收，無香味也不刺激，保濕度也不錯，洗完臉後能夠瞬間保濕保水，後續使用產品也能夠很快吸收，做為保養的第一道手續，能夠讓乾燥的肌膚立即恢,,正面,,"輕盈好吸收, 保濕有感, 無香精, 溫和不刺激"
86,DR.WU,玻尿酸保濕精華化妝水,*感謝@cosme和Dr.wu給的試用 只在夏天用過，皮膚是乾肌但不到很乾這款化妝水的質地看起來水水的，但實際上比較稠，上臉滑滑的，建議用量是10元硬幣大小  最讓我驚豔的是吸收真的很快，馬上就很乾爽，但是不會像一些牌子有揮發後乾掉沒有保濕的狀況  目前用起來是很喜歡的，也沒有什麼過敏的問題，沒有長痘,,正面,,"輕盈好吸收, 保濕有感"
87,DR.WU,玻尿酸保濕精華化妝水,謝謝@COSME與DR.WU給我試用的機會 這次有潔顏凝露，化妝水，乳霜， 都是正品容量。這篇是要介紹化妝水， 影片有1分鐘，  這款文宣是說中性到乾性肌膚都能使用， 但自己是極乾性的皮膚， 自己花了N年的經驗， 才在屈臣氏，康是美找到合適的產品，  這罐沒深得我心的是，  第一， 售價並不便宜，表現,,負面,價格偏高,
88,DR.WU,玻尿酸保濕精華化妝水,很久以前就知道DR.WU達爾膚這個醫美保養品牌，主打「無添加、不含酒精、高濃度、高等成分、高安全性」五大特性，不含酒精、香精，溫和不刺激，是敏弱膚質的最佳選擇，但一直都沒有購買或使用過。  這次很幸運能夠有機會試用DR.WU達爾膚玻尿酸保濕系列的三大產品，而且是直接提供正品規格，超級大方的！我本身是乾,,非評論,,
89,DR.WU,玻尿酸保濕精華化妝水,超級感謝@Cosme和DR.WU讓我有這個機會可以體驗玻尿酸保濕系列的三個產品-玻尿酸保濕精華化妝水、玻尿酸保濕精華乳、玻尿酸保濕潔顏凝露。一直以來我都超級喜歡他們各個系列的產品，我覺得用起來很溫和不刺激，然後這是我第一次使用這個玻尿酸保濕系列的產品，在這幾週每天使用下來，我覺得這三個產品都超讚的，整,,正面,,溫和不刺激
90,DR.WU,玻尿酸保濕精華化妝水,這瓶化妝水真的是出乎我意料的好用，即便這樣夏天的天氣還是會選擇使用它，出場率很高XD  其實前陣子剛換季，一直在苦惱要換怎麼樣的產品才能抵抗台灣這麼熱的夏天，雖然我是乾性膚質但夏天還是會熱到出遊流汗的窘境。本來剛拿到試用品是不太抱持希望的，因為他質地非常特別，有一點稠稠的，很擔心會粘膩不好吸收，但,,正面,,輕盈好吸收
91,DR.WU,玻尿酸保濕精華化妝水,很開心第一次抽中正貨套組 這次體驗的是DR.Wu玻尿酸系列： 玻尿酸保濕精華化妝水、玻尿酸保濕精華乳、玻尿酸保濕潔顏凝露 這三瓶都是很溫和且無香味的  ●玻尿酸保濕精華化妝水● 質地很像秋葵的黏液(哈) 原本擔心會不好吸收 結果吸收超快的 比很多清爽型化妝水吸收還快 吸收完很清爽 還可以幫助後續保養品,,正面,,"輕盈好吸收,溫和不刺激,無香精"
92,DR.WU,玻尿酸保濕精華化妝水,首先先謝謝＠cosme以及DR.WU達爾膚提供這次試用的機會給我。 DR.WU一直以來都是我選擇開架醫美的首選。一次寄給我三罐正貨，相當大方，也很開心可以中獎！ 第一個要分享的是玻尿酸保濕精華化妝水的試用心得，試用兩週左右的時間。這款玻尿酸保濕精華化妝水的質地不是水感的，稍微有點稠，保濕度相比其他的水,,中性,,
93,DR.WU,玻尿酸保濕精華化妝水,非常幸運，好久沒有抽到試用活動。這次體驗玻尿酸保濕精華化妝水+玻尿酸保濕精華液+玻尿酸保濕精華乳，三罐竟然都是正品大小，真的可以奢侈毫不手軟的試用看看。 記得很久以前打過一次雷射，當時的美容師交代一定要使用沒有美白效果的商品，最好是單純保濕的商品。可是醫美的保養品價格總讓人望之卻步，效果也不知道是不是,,中性,,
94,DR.WU,玻尿酸保濕精華化妝水,謝謝Ur我這次也太幸運了吧！一次試用三種商品，全部都是正貨，感謝Dr.WU讚嘆DR.WU 試用了大概快兩星期，我真的非常大愛此商品！他不是太水的質地但是也不會過於濃稠不舒服，夏天其實我很怕太濃稠的商品哈哈但是這瓶完全沒有這個問題，我是使用化妝棉擦拭臉部肌膚很快就會吸收了而且保濕力很好👍而且完全沒有香精,,正面,,"輕盈好吸收,保濕有感,無香精"
95,DR.WU,玻尿酸保濕精華化妝水,感謝urcosme的特別企劃與DR.WU抽中我能讓我參試用的活動~ 剛收到包裹時真是又驚又喜，打開包裹時小尖叫了一下~DR.WU也太大方了吧!竟然是直接給正品的容量做為試用品~ 而且一次就是三種~我也很認真的看了隨貨附上的試用商品資料說明我的膚質算是乾性膚質，冬天一定要連續敷面膜才不會脫皮，夏天有時候,,正面,,其他
96,DR.WU,玻尿酸保濕精華化妝水,"試用直接同正貨規格超大方 混合偏油肌怕玻尿酸成份太黏稠會跟防曬或底妝打架, 試用才發現很好吸收,不會影響後續上妝 沒有酒精沒有香精用得很放心 試用期間是梅雨季,氣溫悶熱舒適微涼都有, 不致痘,有保濕沒有造成臉更油的感覺 用過會想回購的商品  DR.WU玻尿酸保濕精華化妝水, 藍色瓶身質感很好,不是玻",,正面,,"輕盈好吸收,溫和不刺激,無香精,保濕有感,包裝質感"
97,DR.WU,玻尿酸保濕精華化妝水,最近氣候多變化 一下子高溫 體感溫度來到攝氏30度 過幾天 突然又來個冷氣團寒流 溫度下探十度以下 讓宋太的皮膚有點受不了這個氣溫的變化 而開始癢癢 水水們應該也都有相同的經驗吧? (拜託告訴我你們也一樣 讓我取暖一下吧 XD)  DR. WU一直是宋太心目中很愛用的醫美品牌之一 最近DR. WU的玻,,非評論,,
98,DR.WU,玻尿酸保濕精華化妝水,怎麼這麼滋潤不粘膩！  DR.WU 真的是專櫃級的保養品，無論是保濕、抗痘、美白 每種商品都是用心研發。像是這瓶化妝水，包裝沒有很華麗，不過使用上 真的會愛上它！！  早晚洗完臉後，第一步驟就是沾一些在化妝棉上，開始按壓方式保濕整張臉！  有時候也會直接用倒在手上，用手的溫度，讓肌膚能夠直接吸收！,,正面,,"輕盈好吸收, 保濕有感"
99,DR.WU,玻尿酸保濕精華化妝水,很開心參加DR.WU的試用🥰，收到DR.WU 「玻尿酸保濕精華化妝水+玻尿酸保濕精華液+玻尿酸保濕精華乳」而且全是正品規格，只能說DR.WU 太讚啦！ 首先玻尿酸保濕精華化妝水，顏色透明，味道淡，但有點黏稠，雖然是化妝水但有滿滿的精華液👍，輕拍上去吸收很快，感覺很水潤，單獨濕敷也很不錯，我很喜歡😘～,,正面,質地黏膩,"輕盈好吸收, 保濕有感"
100,DR.WU,玻尿酸保濕精華化妝水,感謝UrCosme跟 DR.WU 直接送了一組保養品給我，內含保濕化妝水、保濕精華與保濕乳液(讓我在百貨公司檔期節省不少阿XD  左至右依序為：玻尿酸保濕精華化妝水、玻尿酸保濕精華乳、玻尿酸保濕精華液    照慣例簡單說一下膚質 膚質：冬天大乾肌（會脫皮的那種；夏天混合偏乾（少量的出油 特殊：鼻子跟眼,,非評論,,
101,DR.WU,玻尿酸保濕精華化妝水,很感謝這次DR.WU提供的試用機會 久仰大名但一直處於觀望狀態，這次就停止原本保養品，好好來試用一陣子 先來張合照  膚況：最近天氣比較冷，臉乾燥脫屑，時有泛紅，敏感肌  第一罐： 玻尿酸保濕精華化妝水  質地：類精華，偏濃稠 味道：幾乎沒有（很努力聞）  含玻尿酸，所以抹上臉會有泡泡，但一下就,,中性,,
102,DR.WU,玻尿酸保濕精華化妝水,非常謝謝urcosme和DR.WU提供這次試用的機會~ 一次就收到這麼棒的一整組正品試用!! 真的超級大方的~好讚!! 最近變天變得很厲害~ 肌膚穩定度相對的就會比較差~ 這時候就必須用成分單純且保濕度高的保養品來穩定肌膚 這時候就抽中DR.WU家的玻尿酸系列保養品 真的超級無敵開心的!! 因為他們家,,正面,,保濕有感
103,DR.WU,玻尿酸保濕精華化妝水,很高興可以試用DR WU，自已手邊也是用它們家的保養品  首先先從化妝水來分享我的使用心得 以外觀來說，深藍色塑膠材質的瓶身，銀色的瓶蓋 主要成分以大小分子的玻尿酸為主    使用前，旋轉式的打開，無壓頭、會有一個小洞口 質地非常的水潤，帶點稠性，但延長性高  成分中以玻尿酸為主，但是沒有什麼玻尿酸的,,中性,,輕盈好吸收
104,DR.WU,玻尿酸保濕精華化妝水,本人的使用習慣常常會換化妝水，但是都是喜歡也比較習慣沒有酒精或其他香料等等的 這系列感覺就很適合我  這次試用很大方，整組喘厚厚，一次給你全程的體驗，玻尿酸不意外一樣是主打超級保濕，建議流程如下： 體驗流程（清潔後） 化妝水->精華液->保濕乳  質地稠，很像什麼韓國蝸牛面膜之類的感覺，,,中性,,
105,DR.WU,玻尿酸保濕精華化妝水,感謝抽中ur正貨試用品 三瓶組  保濕化妝水的瓶口是用倒的，倒出來有粘感，還會牽絲  不過還算很容易倒出來，試在手上，拍一拍就很容易吸收  用在臉上，用手拍跟使用那種去角質的化妝棉擦拭，都會很乾  需要使用一般那種濕敷化妝棉擦拭才會有一點粘感  我覺得我用這瓶效果要最好的話，要先擦保養油，再濕敷效果才,,中性,質地黏膩;需搭配其他產品,輕盈好吸收
106,DR.WU,玻尿酸保濕精華化妝水,這次試用品的外包裝如下(分子釘最近常聽，感覺很厲害XD)   下面撕開貼紙的部分可以掃描QR CODE(目前還沒掃描)  內包裝是寶石藍~簡單有質感   附上UR的試用商品資料說明，請各位自行參考   下面照片有點糊(因為精華液一直流來流去，不好拍)請見諒  這款商品沒有什麼香味 內容物雖說是化妝水但,,非評論,,
107,DR.WU,玻尿酸保濕精華化妝水,先前真的好愛用Dr.wu玻尿酸保濕化妝水啊！愛用程度是我大概用掉了500ml重量版5瓶！  後來Dr.wu玻尿酸保濕化妝水全面升級成玻尿酸保濕精華露，因為覺得質地不同，也就沒有繼續回購。一直到今年，去小屈補貨的時候，順手拿了一組玻尿酸入門組想當作出國時使用，一用之後才驚為天人！心想：＂天啊？我前陣子都,,正面,,"保濕有感, 輕盈好吸收"
108,DR.WU,玻尿酸保濕精華化妝水,首先感謝Urcosme與DR.WU，讓我加入體驗這次的產品「玻尿酸保濕精華露」。      而且是正品，真的超佛心來著^_^/  產品介紹：  濃縮精華質地，保養第一步驟即打造水潤肌底，引導後續保養精華有效滲入，可搭配化妝棉或面膜救急濕敷，瞬間提高肌膚飽水度；添加胺基酸保溼複合物與雙倍植物性類分子酊，,,非評論,,
109,DR.WU,玻尿酸保濕精華化妝水,鐵粉福利可以搶先換到，  使用了一週，  Dr.Wu這罐全新的玻尿酸精華露(其實就是化妝水)，  我想是為了避免跟另一個藍瓶的玻尿酸化妝水混淆而這樣命名的吧，  既然出了類似性質的新品，那就不得不提到原本就有的玻尿酸保濕化妝水，  一定是要拿來做比較的呀，  藍瓶的玻尿酸保濕化妝水據說在2017年有,,非評論,,
110,DR.WU,玻尿酸保濕精華化妝水,Dr.Wu這款保濕精華水真的有夠威猛！！ 不是我亂說，非常非常神奇 倒出來的時候是黏稠的，我本身很不習慣使用黏稠的化妝水 可是稍微在手心揉搓之後居然變成水一樣的質地 因為本人沙漠乾肌，所以我很注重化妝水的保濕度 我通常都需要拍個三四次才夠 達爾夫這款真心一兩次就覺得肌膚吸滿水分 非常驚艷好用！ 而且醫,,正面,,"輕盈好吸收,保濕有感"
111,DR.WU,玻尿酸保濕精華化妝水,* 玻尿酸保濕精華化妝水💙 類似精華質地，還會牽絲真特別，個人覺得這個質地的好處是倒出來不會亂流，而且很省用量耶🤍剛開始沒有抱著太大的期待，因為以前的用過它牌潤澤型化妝水只是做得更濃稠更難吸收而已，並沒有感受到更保濕。 但！這款完全不是這樣耶！無論是使用化妝棉擦拭，或是用手拍幾下肌膚就吸收進去了，而且,,正面,,輕盈好吸收
112,DR.WU,玻尿酸保濕精華化妝水,使用起來中規中矩，沒有一般化妝水濃郁的香氣，不會過敏，真不愧是醫美級產品。 家中有台酒化妝水作為比較，DR·WU這款一開始倒出來的質地和台酒這種滋潤的感覺很像，但DRWU到最後擦拭完會變成清爽的感覺，且有保濕感，不會黏黏的這點我很喜歡。 有機會的話會回購。瓶身是藍色的，最喜歡的顏色，使用起來會覺得很開,,正面,,"輕盈好吸收, 保濕有感, 無香精, 香味宜人"
113,DR.WU,玻尿酸保濕精華化妝水,很開心有機會入選體驗【DR.WU 玻尿酸保濕精華化妝水】 【DR.WU】的產品一向主打無添加酒精、香精、色素，敏感肌也適用 確實這次在使用玻尿酸系列的產品也感受到了【DR.WU】的溫和、低敏 這款【玻尿酸保濕精華化妝水】的質地非常濃稠滋潤，會稍微有點牽絲 一開始有點擔心對於混合肌來說會不會過於滋潤而,,中性,質地黏膩,溫和不刺激
114,DR.WU,玻尿酸保濕精華化妝水,感謝DR.WU 達爾膚和Cosme提供的試用，試用的是「玻尿酸保濕精華化妝水」～上面是外包裝的產品說明～ （是說化妝水瓶子的蓋子很好轉（？）特別輕鬆就能轉開和關緊）  化妝水的質地是透明的微微有些黏稠，倒的時侯還會有點牽絲的感覺，覺得挺特別的XD，然後沒什麼香味  用的感覺，擦起來很舒服，沒有負擔感，,,正面,,"輕盈好吸收, 包裝質感"
115,DR.WU,玻尿酸保濕精華化妝水,感謝urcosme，這次抽出的是DR.WU玻尿酸系列商品，從清潔、化妝水跟乳液一次滿足，真的非常大方。 其實我蠻意外的是夏天做保濕試用，一般來說夏季應該會主打美白、或是清爽兼具保濕的產品才是，不過後來我試用出自己的一套心得後，是推薦這組合的喔！ 化妝水外觀是半透明藍色塑膠包裝，一看就知道走保濕。 質地,,正面,,保濕有感
116,DR.WU,玻尿酸保濕精華化妝水,感謝Dr.wu及URCOSME給予這次試用體驗機會❤️ dr.wu對我來說是很熟悉的牌子 以前剛開始保養時第一個入的品牌就是dr.wu 那個時候化妝水瓶身還是淺藍色的 現在成分升級、包裝也改版了 外觀質感也升級很多 不過改版後的化妝水我還沒使用過 剛好這次抽到讓我有機會體驗看看~  我的膚質是混和偏,,中性,,
117,DR.WU,玻尿酸保濕精華化妝水,感謝UrCosme及DR. WU提供的試用機會， 這次試用的是「玻尿酸保濕精華化妝水」  【 官方文宣 】 智慧型肌因活水科技: 業界唯一，日德法保濕專利，結合日本大分子玻尿酸，與專利小分子玻尿酸，達到外鎖水內補水，加上德國專利玻尿酸肌活因子與法國專利玻尿酸啟動因子，啟動深層水巡力，肌活保濕不間斷。,,非評論,,
118,DR.WU,玻尿酸保濕精華化妝水,我是不停會換化妝水的人，任何品牌都會想試試看，很少讓我遇到買過ㄧ次還會想在購入第二次的，用此化妝水覺得非常保濕，像我乾肌會很愛，質地也很水潤，會很保濕又很好吸收，不是那種黏膩感很重又皮膚吸收不進去的化妝水，用完在上自己的精華液跟乳液和霜，是會讓我有記憶點跟覺得有效果的化妝水，目前愛用第二瓶服役中,,正面,,"保濕有感, 輕盈好吸收"
119,DR.WU,玻尿酸保濕精華化妝水,先感謝UrCosme與DR.WU提供一整組試用！一系列外包裝都很清爽 這次的試用最喜歡的就是這瓶化妝水 藍瓶身加銀蓋包裝，與一般化妝水產品沒什麼太大的差別 化妝水質地是稠狀可以拉絲的 上臉很舒服，非常好上手且很好吸收 我個人很怕香味太重的保養品 這瓶只有湊近聞才聞得到一點化學味 吸收速度很快，摖完後大,,正面,,"輕盈好吸收, 包裝質感"
120,DR.WU,玻尿酸保濕精華化妝水,"這次收到的試用包裹,根本就是抽到驚喜包阿~ DR.WU真的超大方,直接提供完整一套正貨保養三劍客.  首先登場的是『DR.WU-玻尿酸保濕精華化裝水』採用藍色瓶身+銀色蓋子,一整個就是頂級系列的外包裝. 而化妝水本身是屬於較黏稠狀,但又不是到很稠的, 個人習慣是搭配化妝棉使用,一開始覺得好像不是能馬上",,正面,,包裝質感
121,DR.WU,玻尿酸保濕精華化妝水,慣例的開場白就留在DR.WU玻尿酸保濕精華液這篇   這次試用是他們家保濕系列的商品，3罐剛好完成一次基礎保養  我個人是混合油肌，T字油兩頰乾，外加下巴額頭容易長痘痘  以前常常使用去油的產品，後來覺得去過頭又容易出油 漸漸開始轉為使用保濕產品....   個人覺得DR.WU家的包裝、瓶子質料都做得,,中性,,包裝質感
122,DR.WU,玻尿酸保濕精華化妝水,"DR.WU 玻尿酸保濕精華化妝水 以醫師處方為基礎， 堅持[無添加,不含酒精，高等成份，高安全性]， 瓶子看起來蠻漂亮的，簡單，舒適倒出來是偏水性質地精華液，有點濃稠透明推開吸收的蠻快的，也不會黏膩，沒有香味，也不刺激皮膚，商品介紹中提到通過低敏，安全性與非致痘的臨床測試，我使用時，正好在擦果酸，臉頰",,正面,,"輕盈好吸收,無香精,溫和不刺激"
123,DR.WU,玻尿酸保濕精華化妝水,這瓶玻尿酸保濕精華化妝水瓶身是藍色的， 看起來就非常清爽～  打開後擦在臉上，跟一般化妝水很不一樣的地方是， 一般化妝水呈現的是水狀態，但這瓶是有點黏稠狀的拉絲質地， 在使用的時候相當的滑，還有點牽絲的感覺～因為很滑，很好延展開， 在洗完臉之後擦上去， 可以馬上均勻推到臉上肌膚的每個地方，是不是有保濕,,中性,質地黏膩,保濕有感
124,DR.WU,玻尿酸保濕精華化妝水,很幸運的抽中了DR.WU的玻尿酸保濕精華化妝水。 瓶身的設計很簡單又漂亮。(藍色很美)    化妝水可以直接倒在手上或是倒在化妝棉上沾取使用。    產品的質地是微稠偏水狀，倒出來的時候會有點牽絲。 沒有香味也不含酒精。 本來以為會有點粘膩，結果塗抹在臉上很快就吸收了，非常地溫和且不刺激。 保濕力也很,,正面,,"輕盈好吸收, 保濕有感, 溫和不刺激, 無香精"
125,DR.WU,玻尿酸保濕精華化妝水,很高興再次收到UR及DR.WU所提供的試用機會 此次一口氣收到化妝水.精華液及精華乳整組的試用 外盒配色統一以藍白搭配而成，整體看超來非常簡約大方 而且外盒上都有其內瓶裝的圖示，就算不打開紙盒也能快速分辦其內容物為何 化妝水是以海水藍的瓶身搭配上銀色的瓶蓋 瓶身上也沒有太多花俏的圖樣 在炎熱的夏天中，,,中性,,
126,DR.WU,玻尿酸保濕精華化妝水,這次收到Dr.wu的澎拜大禮包❤️ 有化妝水、精華液跟乳液 真的是有夠開心🥳 商品外觀是Dr.wu一貫的簡約風 非常的有質感呀❤️ 這瓶玻尿酸保濕精華化妝水 一聽名字大家應該就知道了吧 是強調保濕補水功能的商品💦💦 除此之外更有 ✔️無酒精 ✔️無香精 ✔️無色料 三無🤣🤣🤣 敏弱肌也適用噢！！！ 試,,正面,,"包裝質感,無香精"
127,DR.WU,玻尿酸保濕精華化妝水,這瓶可愛的玻尿酸保濕精華化妝水，沒有記錯的話 應該是在寶雅加購的30ML容量商品介紹~ 智慧型肌因活水科技: 業界唯一，日德法保濕專利，結合日本大分子玻尿酸，與專利小分子玻尿酸，達到外鎖水內補水，加上德國專利玻尿酸肌活因子與法國專利玻尿酸啟動因子，啟動深層水巡力，肌活保濕不間斷。 首創類精華質地，迅速,,非評論,,
128,DR.WU,玻尿酸保濕精華化妝水,首先感謝URCOSME與DR.WU給予這次試用「玻尿酸保濕精華化妝水」  本身是DR.WU的愛用者，這款產品3月檔期時入手，已經使用快兩個月，剛好又抽到這罐~~  在評價上，這次評價比較矛盾一點，剛好膚質介於好跟不好之間~~ ◎天氣炎熱、臉況出油脫皮過敏→濕敷改善沒有很明顯(輕微改善)，些微出油，敏感,,中性,效果無感;致敏,
129,DR.WU,玻尿酸保濕精華化妝水,DR. WU玻尿酸保濕精華液  香味：無 保濕：★★★★☆ 清爽：★★★★☆ 吸收：★★★★★   今年各大品牌都推出精華質地的化妝水 DR. WU也不例外 倒出來的時候不是完全水狀，是類精華會拉絲的質地 直接用手上臉就好超級方便適合懶人 而且我的天～～～吸收超及霹靂無敵快 真的沒有在騙人！！ 大,,正面,,"輕盈好吸收,保濕有感,香味宜人"
130,DR.WU,玻尿酸保濕精華化妝水,非常感謝DR.WU 能給我這個機會，體驗玻尿酸保濕精華化妝水，收到體驗品時，我馬上打開來體驗，DR.WU的體驗品真的很佛心，是跟正品一樣的C.C數，CP值超高的呢！體驗品尿酸保濕精華化妝水我是搭配另外兩種產品玻尿酸保濕精華液和玻尿酸保濕精華乳一起驗體，一共體驗了兩個星期以上16天喔！每天早上和晚上都有,,正面,,"保濕有感, 其他"
131,DR.WU,玻尿酸保濕精華化妝水,謝謝urcosme提供這次試用的機會， 在這換季溫差大的季節能有這組幫肌膚做好保濕打底， 洗完臉後首先使用的是這瓶， 玻尿酸保濕精華水，外瓶是清爽的藍清爽的藍色塑膠瓶， 質地是透明有點黏稠狀狀的精華水質地， 倒在手掌上可以些許流動的狀態。 這種化妝水的質地我習慣用手直接按壓在臉上， 一下下就被肌膚吸收,,錯誤,,
132,DR.WU,玻尿酸保濕精華化妝水,"首先謝謝urcosme及DR.WU提供這次試用的機會~  自己原本就使用過也蠻喜歡DR.WU的保養品 沒有多餘的保養品味道也有保濕度優勢實在很討人喜歡  這次一口氣收到三瓶正品試用,包含玻尿酸保濕化妝水、 玻尿酸保濕精華液、玻尿酸保濕精華乳,著實驚喜了好大一下!! 滿滿的玻尿酸..當天立馬拋棄原先的保",,正面,,"保濕有感,輕盈好吸收"
133,DR.WU,玻尿酸保濕精華化妝水,謝謝urcosme讓我有這次的體驗。3/25ㄧ收到就迫不急待的使用，洗臉後先使用Dr. Wu的杏仁酸，之後用這瓶化妝水到在化妝棉上，先輕輕擦全臉，在輕拍讓皮膚吸收，讓我好驚豔，因為這是我用過最快吸收的化妝水，ㄧ擦在臉上就吸收進去，有補水感又保濕，重點是不黏膩，這陣子天氣有冷有熱，有乾有濕，這瓶化妝水,,正面,,"輕盈好吸收, 保濕有感"
134,DR.WU,玻尿酸保濕精華化妝水,很高興能夠試用『DR.WU-玻尿酸保濕精華化裝水』     此款化妝水堅持五大研發基礎， 「無添加、不含酒精、高濃度、高等成分、高安全性」， 是敏弱膚質與術後保養的最佳選擇。    經過我的短期試用感想為， 此款化妝水不需使用太多精華用量十分節省， 玻尿酸具有一定的保濕效果不過有些許黏膩感， 無色無味,,錯誤,,
135,DR.WU,玻尿酸保濕精華化妝水,謝謝@cosme跟DR.WU讓我可以體驗產品 第一次抽到很開心    我夏天的保養方式洗完臉後會直接上化妝水 再上精華液 所以直接把化妝水改成DR.WU這款 其他方式不變 使用天數大約10天 我的肌膚混合T字出油兩頰偏乾 使用後起床感覺T字出油量稍微減少    用量上比照片再多一些 它質地很特別,,正面,,輕盈好吸收
136,DR.WU,玻尿酸保濕精華化妝水,首先感謝urcosme給我機會試用化妝水❤️加入好幾年了，終於被抽中可以試用了🥳  一收到當天我就馬上開封試用了（等不及🤣），這款是以前經典款的改版，外包裝由白罐（左邊）改成海藍色透明感罐（右邊），我自己覺得比以前看起來更有保濕清爽感XD一看就會覺得使用起來很清涼保濕又清爽～  光看外包裝我就超期待,,正面,,"保濕有感, 清爽, 外包裝質感"
137,DR.WU,玻尿酸保濕精華化妝水,超開心能夠抽中DR.WU玻尿酸保濕精華化妝水，感謝DR.WU及 UrCosme提供這一次試用的機會 ❤❤❤   剛開始收到的時候，覺得有點小擔心，因為先前有買過同系列的化妝水，但使用感受並不是太好  之前的 DR. WU 第一代的玻尿酸化妝水，全名我已經記不清了，當時拍到臉上並沒有被皮膚吸收的感覺,,中性,吸收差,
138,DR.WU,玻尿酸保濕精華化妝水,感謝UrCosme提供的試用品→DR.WU 玻尿酸保濕精華化妝水  讓我有這個榮信可以試用到此產品   依然非常簡約的設計 很喜歡這種簡簡單單的設計 低調卻還是帶著有質感瓶身 女人的化妝台上就是瓶瓶罐罐一大堆 越簡單的設計，才不會讓桌面看得很雜亂XD   產品顏色透明，沒有味道，質地有些稠 畢竟是精華,,錯誤,,
139,DR.WU,玻尿酸保濕精華化妝水,DR. WU在網路上評價不錯，這次趁著架上買一送一的活動把他們帶回家使用，替換掉我覺得稍嫌粘膩的霓淨思化妝水～  雖然名稱寫的是精華露，但其實是屬於化妝水唷～包裝說明寫：高機能保濕精華露，具有精華液微稠質地，能改善肌膚乾燥脫皮的現象。 秋冬真的保濕要做好呀～ 選錯產品不只保濕沒做好，還讓我的皮膚起,,負面,致痘致敏,輕盈好吸收
140,DR.WU,玻尿酸保濕精華化妝水,晃到保養品區，看到這瓶玻尿酸保濕精華，發現。。案情不單純。身為以前曾經超愛用他家玻尿酸精華液的我，立刻試試看。  1. 有點黏性（小牽絲）的化妝水。  2. 算是蠻容易吸收，可是要稍微輕拍才能不黏膩（手臂還未拍乾時候）。  3. 拍完吸收真的有變亮水嫩耶!  4. 有試擦在臉上靠近脖子處，沒有過敏。,,錯誤,,
141,DR.WU,玻尿酸保濕精華化妝水,很開心能抽中DR.WU玻尿酸保濕精華露，感謝DR.WU及 UrCosme提供試用機會。   〈商品說明〉 DR.WU玻尿酸保濕精華露無添加、不含酒精、高濃度全系列產品通過低敏、安全性與非致痘臨床測試，為敏弱肌與術後保養最佳選擇。  第五代玻尿酸運用HYALUCOMPLEX智慧型基因活水科技，結合大小分,,非評論,,
142,DR.WU,玻尿酸保濕精華化妝水,謝謝URCOSME及DR.WU提供「玻尿酸保濕精華露」試用， 第五代玻尿酸運用革命性「HYALUCOMPLEX智慧型肌因活水科技」，結合大、小分子玻尿酸， 另添加玻尿酸多醣體OptimHyal及玻尿酸保濕因子，能深入肌膚底層， 內外協同達到鎖水、補水、保水、活水，長效保濕使肌膚充滿水潤光澤。  「玻尿,,非評論,,
143,DR.WU,玻尿酸保濕精華化妝水,質地清爽，流動性蠻高的，味道沒有特別的香精味。 以化妝水來說，我更喜歡噴頭的形式，不過這款化妝水比較不是那麼水的質地。 這款化妝水的好處就是可以濕敷，保濕力蠻足夠，睡前或是妝前保養都很合適，是一款簡簡單單的化妝水。 不過以價格來說應該不會回購，ＣＰ值偏低，但如果是容易敏感的朋友倒是可以試試看，感覺是不,,中性,價格偏高,"輕盈好吸收, 保濕有感"
144,DR.WU,玻尿酸保濕精華化妝水,"開啟我的保養之路就是dr.wu 一開始 這麼多瓶瓶罐罐身為男生的我真的看不懂 但是冬天讓臉越來越乾燥 所以還是鼓起勇氣走進屈臣氏 之所以會選擇dr.wu的原因是架子上成列很明確""保濕系列"" 而且購買醫美級的保養品感覺比較安心 他吸收很快又不黏 ""不黏就是我最大的訴求"" 買回家用幾天乾癢的部分有改善",,錯誤,,
145,DR.WU,玻尿酸保濕精華化妝水,我是年過35歲的中年大叔。  我沒收試用或受邀業配，都是自己花錢買來親自使用，所以我的心得是最真實的呈現！  這瓶質地是濃稠會牽絲那種，味道跟清爽型一樣，說不出來的味道，不算好聞也不難聞，我是可以接受的味道。  倒在手上直接拍上臉，我覺得有一點點黏感，又不至於到不舒服，適合對象它瓶身有寫乾肌比較適合。,,中性,質地黏膩,
146,DR.WU,玻尿酸保濕精華化妝水,很開心收到DR.WU和@COSME的邀請 體驗這款玻尿酸保濕精華化妝水  不得不說，只要說到MIT醫美保養品牌 就一定會想到DR.WU  成分單純不致敏、術後可以安心使用 已經成為DR.WU保養品的代名詞  因為我有定期做臉和醫美的習慣 一款溫和純保濕的保養品是非常必須的  這瓶結合了精華液和化妝水的,,正面,,"保濕有感,溫和不刺激"
147,DR.WU,玻尿酸保濕精華化妝水,我從很久以前就非常喜歡DR.WU這個醫美保養品牌，這次可以抽到DR.WU的玻尿酸保濕精華化妝水真的很幸運，而且是正品的容量150ml，非常大方。 這瓶精華化妝水是運用獨家「智慧型肌因活水科技」，同時擁有日本大分子玻尿酸和專利小分子玻尿酸、德國專利玻尿酸肌活因子、法國專利玻尿酸啟動因子，能深入肌膚，達到,,錯誤,,
